Timestamps,Type1,Data1
01/07/2019,ESG-STD,0.599705917
02/07/2019,ESG-STD,0.600480302
03/07/2019,ESG-STD,0.602231488
04/07/2019,ESG-STD,0.60098914
05/07/2019,ESG-STD,0.600326301
06/07/2019,ESG-STD,0.600947429
07/07/2019,ESG-STD,0.600358801
08/07/2019,ESG-STD,0.601150824
09/07/2019,ESG-STD,0.602195911
10/07/2019,ESG-STD,0.602424169
11/07/2019,ESG-STD,0.601650348
12/07/2019,ESG-STD,0.602226757
13/07/2019,ESG-STD,0.604141809
14/07/2019,ESG-STD,0.60370723
15/07/2019,ESG-STD,0.602952639
16/07/2019,ESG-STD,0.601356823
17/07/2019,ESG-STD,0.601616276
18/07/2019,ESG-STD,0.602261292
19/07/2019,ESG-STD,0.606225702
20/07/2019,ESG-STD,0.605606453
21/07/2019,ESG-STD,0.605547823
22/07/2019,ESG-STD,0.60600094
23/07/2019,ESG-STD,0.60608683
24/07/2019,ESG-STD,0.606306042
25/07/2019,ESG-STD,0.603107953
26/07/2019,ESG-STD,0.6019874
27/07/2019,ESG-STD,0.601893166
28/07/2019,ESG-STD,0.599736322
29/07/2019,ESG-STD,0.598690671
30/07/2019,ESG-STD,0.597575469
31/07/2019,ESG-STD,0.598516756
01/08/2019,ESG-STD,0.599321894
02/08/2019,ESG-STD,0.60196875
03/08/2019,ESG-STD,0.602997528
04/08/2019,ESG-STD,0.605393113
05/08/2019,ESG-STD,0.609325057
06/08/2019,ESG-STD,0.611107417
07/08/2019,ESG-STD,0.610154163
08/08/2019,ESG-STD,0.607355904
09/08/2019,ESG-STD,0.60758441
10/08/2019,ESG-STD,0.607137594
11/08/2019,ESG-STD,0.60672201
12/08/2019,ESG-STD,0.608141538
13/08/2019,ESG-STD,0.611126323
14/08/2019,ESG-STD,0.615486985
15/08/2019,ESG-STD,0.618027008
16/08/2019,ESG-STD,0.618688275
17/08/2019,ESG-STD,0.618195952
18/08/2019,ESG-STD,0.615823621
19/08/2019,ESG-STD,0.613145796
20/08/2019,ESG-STD,0.610203143
21/08/2019,ESG-STD,0.60895998
22/08/2019,ESG-STD,0.609169868
23/08/2019,ESG-STD,0.609954946
24/08/2019,ESG-STD,0.610245577
25/08/2019,ESG-STD,0.608530389
26/08/2019,ESG-STD,0.607173306
27/08/2019,ESG-STD,0.606797203
28/08/2019,ESG-STD,0.605546489
29/08/2019,ESG-STD,0.6051186
30/08/2019,ESG-STD,0.604976296
31/08/2019,ESG-STD,0.605800687
01/09/2019,ESG-STD,0.608573883
02/09/2019,ESG-STD,0.611576155
03/09/2019,ESG-STD,0.613801948
04/09/2019,ESG-STD,0.616534413
05/09/2019,ESG-STD,0.616525218
06/09/2019,ESG-STD,0.616707698
07/09/2019,ESG-STD,0.614205466
08/09/2019,ESG-STD,0.611488903
09/09/2019,ESG-STD,0.609564038
10/09/2019,ESG-STD,0.60759904
11/09/2019,ESG-STD,0.608349917
12/09/2019,ESG-STD,0.608633377
13/09/2019,ESG-STD,0.607247923
14/09/2019,ESG-STD,0.607219489
15/09/2019,ESG-STD,0.607250542
16/09/2019,ESG-STD,0.609632275
17/09/2019,ESG-STD,0.614282183
18/09/2019,ESG-STD,0.615853346
19/09/2019,ESG-STD,0.617205196
20/09/2019,ESG-STD,0.615936668
21/09/2019,ESG-STD,0.615754219
22/09/2019,ESG-STD,0.61397382
23/09/2019,ESG-STD,0.613109014
24/09/2019,ESG-STD,0.614064705
25/09/2019,ESG-STD,0.614711622
26/09/2019,ESG-STD,0.6142485
27/09/2019,ESG-STD,0.613158533
28/09/2019,ESG-STD,0.613744798
29/09/2019,ESG-STD,0.612326331
30/09/2019,ESG-STD,0.6104167
01/10/2019,ESG-STD,0.60952081
02/10/2019,ESG-STD,0.61001783
03/10/2019,ESG-STD,0.610492288
04/10/2019,ESG-STD,0.611127072
05/10/2019,ESG-STD,0.60868996
06/10/2019,ESG-STD,0.606896556
07/10/2019,ESG-STD,0.606298819
08/10/2019,ESG-STD,0.607692954
09/10/2019,ESG-STD,0.608600683
10/10/2019,ESG-STD,0.609457573
11/10/2019,ESG-STD,0.608425978
12/10/2019,ESG-STD,0.608756192
13/10/2019,ESG-STD,0.606893311
14/10/2019,ESG-STD,0.606259802
15/10/2019,ESG-STD,0.607468946
16/10/2019,ESG-STD,0.608915592
17/10/2019,ESG-STD,0.609457051
18/10/2019,ESG-STD,0.608355398
19/10/2019,ESG-STD,0.608067727
20/10/2019,ESG-STD,0.606861098
21/10/2019,ESG-STD,0.606847981
22/10/2019,ESG-STD,0.607479429
23/10/2019,ESG-STD,0.607545296
24/10/2019,ESG-STD,0.607568759
25/10/2019,ESG-STD,0.607419868
26/10/2019,ESG-STD,0.606654514
27/10/2019,ESG-STD,0.604179048
28/10/2019,ESG-STD,0.604612075
29/10/2019,ESG-STD,0.606390664
30/10/2019,ESG-STD,0.605838809
31/10/2019,ESG-STD,0.606161492
01/11/2019,ESG-STD,0.60423367
02/11/2019,ESG-STD,0.603940022
03/11/2019,ESG-STD,0.603652549
04/11/2019,ESG-STD,0.601682582
05/11/2019,ESG-STD,0.60042453
06/11/2019,ESG-STD,0.599919557
07/11/2019,ESG-STD,0.59967024
08/11/2019,ESG-STD,0.601672591
09/11/2019,ESG-STD,0.603459943
10/11/2019,ESG-STD,0.603428321
11/11/2019,ESG-STD,0.603304104
12/11/2019,ESG-STD,0.603267704
13/11/2019,ESG-STD,0.604264868
14/11/2019,ESG-STD,0.605628702
15/11/2019,ESG-STD,0.604977706
16/11/2019,ESG-STD,0.60506077
17/11/2019,ESG-STD,0.603976835
18/11/2019,ESG-STD,0.60291079
19/11/2019,ESG-STD,0.605243426
20/11/2019,ESG-STD,0.607461869
21/11/2019,ESG-STD,0.610658831
22/11/2019,ESG-STD,0.61186509
23/11/2019,ESG-STD,0.612728369
24/11/2019,ESG-STD,0.611998202
25/11/2019,ESG-STD,0.611535881
26/11/2019,ESG-STD,0.610855526
27/11/2019,ESG-STD,0.611628722
28/11/2019,ESG-STD,0.613449452
29/11/2019,ESG-STD,0.614424382
30/11/2019,ESG-STD,0.614453446
01/12/2019,ESG-STD,0.61430059
02/12/2019,ESG-STD,0.614612454
03/12/2019,ESG-STD,0.617245942
04/12/2019,ESG-STD,0.618151268
05/12/2019,ESG-STD,0.618781511
06/12/2019,ESG-STD,0.619097711
07/12/2019,ESG-STD,0.620403915
08/12/2019,ESG-STD,0.619425956
09/12/2019,ESG-STD,0.618325812
10/12/2019,ESG-STD,0.618414184
11/12/2019,ESG-STD,0.61926921
12/12/2019,ESG-STD,0.620290739
13/12/2019,ESG-STD,0.6167167
14/12/2019,ESG-STD,0.615282283
15/12/2019,ESG-STD,0.613840038
16/12/2019,ESG-STD,0.610599296
17/12/2019,ESG-STD,0.610965793
18/12/2019,ESG-STD,0.612416313
19/12/2019,ESG-STD,0.613975874
20/12/2019,ESG-STD,0.613271552
21/12/2019,ESG-STD,0.613008384
22/12/2019,ESG-STD,0.612737121
23/12/2019,ESG-STD,0.610535882
24/12/2019,ESG-STD,0.610162772
25/12/2019,ESG-STD,0.608203741
26/12/2019,ESG-STD,0.607163901
27/12/2019,ESG-STD,0.606773606
28/12/2019,ESG-STD,0.608588584
29/12/2019,ESG-STD,0.609750125
30/12/2019,ESG-STD,0.610061989
31/12/2019,ESG-STD,0.611537815
01/01/2020,ESG-STD,0.614801676
02/01/2020,ESG-STD,0.614190556
03/01/2020,ESG-STD,0.618142307
04/01/2020,ESG-STD,0.623136225
05/01/2020,ESG-STD,0.624588573
06/01/2020,ESG-STD,0.626025451
07/01/2020,ESG-STD,0.62650255
08/01/2020,ESG-STD,0.630297782
09/01/2020,ESG-STD,0.631247226
10/01/2020,ESG-STD,0.629036556
11/01/2020,ESG-STD,0.628648889
12/01/2020,ESG-STD,0.628268805
13/01/2020,ESG-STD,0.626399574
14/01/2020,ESG-STD,0.62493069
15/01/2020,ESG-STD,0.623861984
16/01/2020,ESG-STD,0.621991163
17/01/2020,ESG-STD,0.620976996
18/01/2020,ESG-STD,0.620264949
19/01/2020,ESG-STD,0.620632312
20/01/2020,ESG-STD,0.619399426
21/01/2020,ESG-STD,0.620542715
22/01/2020,ESG-STD,0.62196169
23/01/2020,ESG-STD,0.62501438
24/01/2020,ESG-STD,0.627002655
25/01/2020,ESG-STD,0.628243982
26/01/2020,ESG-STD,0.628181331
27/01/2020,ESG-STD,0.631673959
28/01/2020,ESG-STD,0.632467703
29/01/2020,ESG-STD,0.63348511
30/01/2020,ESG-STD,0.63614767
31/01/2020,ESG-STD,0.637129719
01/02/2020,ESG-STD,0.63913245
02/02/2020,ESG-STD,0.640037541
03/02/2020,ESG-STD,0.640183736
04/02/2020,ESG-STD,0.640499045
05/02/2020,ESG-STD,0.638711226
06/02/2020,ESG-STD,0.638537476
07/02/2020,ESG-STD,0.639580464
08/02/2020,ESG-STD,0.64177359
09/02/2020,ESG-STD,0.642651778
10/02/2020,ESG-STD,0.645287184
11/02/2020,ESG-STD,0.645755234
12/02/2020,ESG-STD,0.644401606
13/02/2020,ESG-STD,0.643916651
14/02/2020,ESG-STD,0.641903115
15/02/2020,ESG-STD,0.64214964
16/02/2020,ESG-STD,0.639801743
17/02/2020,ESG-STD,0.640612736
18/02/2020,ESG-STD,0.640182067
19/02/2020,ESG-STD,0.639869527
20/02/2020,ESG-STD,0.638180277
21/02/2020,ESG-STD,0.637905813
22/02/2020,ESG-STD,0.636420434
23/02/2020,ESG-STD,0.634231212
24/02/2020,ESG-STD,0.637076127
25/02/2020,ESG-STD,0.638908582
26/02/2020,ESG-STD,0.641856893
27/02/2020,ESG-STD,0.643116168
28/02/2020,ESG-STD,0.648802407
29/02/2020,ESG-STD,0.651111858
01/03/2020,ESG-STD,0.651195545
02/03/2020,ESG-STD,0.650303854
03/03/2020,ESG-STD,0.650173466
04/03/2020,ESG-STD,0.648035631
05/03/2020,ESG-STD,0.649579703
06/03/2020,ESG-STD,0.653051243
07/03/2020,ESG-STD,0.653193905
08/03/2020,ESG-STD,0.651368871
09/03/2020,ESG-STD,0.660931453
10/03/2020,ESG-STD,0.667315302
11/03/2020,ESG-STD,0.669899716
12/03/2020,ESG-STD,0.674853411
13/03/2020,ESG-STD,0.672979505
14/03/2020,ESG-STD,0.669579838
15/03/2020,ESG-STD,0.667960544
16/03/2020,ESG-STD,0.669720395
17/03/2020,ESG-STD,0.669570208
18/03/2020,ESG-STD,0.669321475
19/03/2020,ESG-STD,0.670116203
20/03/2020,ESG-STD,0.671248234
21/03/2020,ESG-STD,0.670273326
22/03/2020,ESG-STD,0.668053697
23/03/2020,ESG-STD,0.664717389
24/03/2020,ESG-STD,0.660359339
25/03/2020,ESG-STD,0.65654188
26/03/2020,ESG-STD,0.656542026
27/03/2020,ESG-STD,0.654346181
28/03/2020,ESG-STD,0.653802458
29/03/2020,ESG-STD,0.65506817
30/03/2020,ESG-STD,0.656163166
31/03/2020,ESG-STD,0.65229506
01/04/2020,ESG-STD,0.652752909
02/04/2020,ESG-STD,0.658091311
03/04/2020,ESG-STD,0.659170297
04/04/2020,ESG-STD,0.659051565
05/04/2020,ESG-STD,0.659045428
06/04/2020,ESG-STD,0.656220186
07/04/2020,ESG-STD,0.653740659
08/04/2020,ESG-STD,0.651073932
09/04/2020,ESG-STD,0.649462967
10/04/2020,ESG-STD,0.648289961
11/04/2020,ESG-STD,0.647826044
12/04/2020,ESG-STD,0.647750696
13/04/2020,ESG-STD,0.649337111
14/04/2020,ESG-STD,0.648504921
15/04/2020,ESG-STD,0.650148413
16/04/2020,ESG-STD,0.651578327
17/04/2020,ESG-STD,0.652311615
18/04/2020,ESG-STD,0.652624042
19/04/2020,ESG-STD,0.652418073
20/04/2020,ESG-STD,0.649664637
21/04/2020,ESG-STD,0.651222345
22/04/2020,ESG-STD,0.649756955
23/04/2020,ESG-STD,0.646344979
24/04/2020,ESG-STD,0.644276817
25/04/2020,ESG-STD,0.64307155
26/04/2020,ESG-STD,0.642836959
27/04/2020,ESG-STD,0.641392821
28/04/2020,ESG-STD,0.639723533
29/04/2020,ESG-STD,0.637633601
30/04/2020,ESG-STD,0.637011676
01/05/2020,ESG-STD,0.63560373
02/05/2020,ESG-STD,0.635157845
03/05/2020,ESG-STD,0.6351356
04/05/2020,ESG-STD,0.63528035
05/05/2020,ESG-STD,0.634318057
06/05/2020,ESG-STD,0.632942033
07/05/2020,ESG-STD,0.631883219
08/05/2020,ESG-STD,0.632787043
09/05/2020,ESG-STD,0.632063088
10/05/2020,ESG-STD,0.630418604
11/05/2020,ESG-STD,0.628860375
12/05/2020,ESG-STD,0.627562861
13/05/2020,ESG-STD,0.627374878
14/05/2020,ESG-STD,0.627392206
15/05/2020,ESG-STD,0.6304251
16/05/2020,ESG-STD,0.631658668
17/05/2020,ESG-STD,0.630898522
18/05/2020,ESG-STD,0.628545913
19/05/2020,ESG-STD,0.62602032
20/05/2020,ESG-STD,0.625344091
21/05/2020,ESG-STD,0.625555684
22/05/2020,ESG-STD,0.626870887
23/05/2020,ESG-STD,0.628107742
24/05/2020,ESG-STD,0.628037615
25/05/2020,ESG-STD,0.627471658
26/05/2020,ESG-STD,0.625547712
27/05/2020,ESG-STD,0.623724046
28/05/2020,ESG-STD,0.624701811
29/05/2020,ESG-STD,0.626249883
30/05/2020,ESG-STD,0.628860591
31/05/2020,ESG-STD,0.632066844
01/06/2020,ESG-STD,0.634719182
02/06/2020,ESG-STD,0.639087465
03/06/2020,ESG-STD,0.638055195
04/06/2020,ESG-STD,0.63672204
05/06/2020,ESG-STD,0.632488466
06/06/2020,ESG-STD,0.632017635
07/06/2020,ESG-STD,0.631124857
08/06/2020,ESG-STD,0.629379709
09/06/2020,ESG-STD,0.627228169
10/06/2020,ESG-STD,0.625015756
11/06/2020,ESG-STD,0.624091264
12/06/2020,ESG-STD,0.624235498
13/06/2020,ESG-STD,0.623590933
14/06/2020,ESG-STD,0.625281111
15/06/2020,ESG-STD,0.625847425
16/06/2020,ESG-STD,0.625298672
17/06/2020,ESG-STD,0.625740594
18/06/2020,ESG-STD,0.625513761
19/06/2020,ESG-STD,0.623296853
20/06/2020,ESG-STD,0.62546223
21/06/2020,ESG-STD,0.626424625
22/06/2020,ESG-STD,0.625625193
23/06/2020,ESG-STD,0.624571604
24/06/2020,ESG-STD,0.625176326
25/06/2020,ESG-STD,0.626992587
26/06/2020,ESG-STD,0.628143472
27/06/2020,ESG-STD,0.63003459
28/06/2020,ESG-STD,0.630264995
29/06/2020,ESG-STD,0.630655159
30/06/2020,ESG-STD,0.628523839
01/07/2019,SDG-STD,1.083816786
02/07/2019,SDG-STD,1.085352625
03/07/2019,SDG-STD,1.086332131
04/07/2019,SDG-STD,1.08568077
05/07/2019,SDG-STD,1.084972569
06/07/2019,SDG-STD,1.085313733
07/07/2019,SDG-STD,1.08454031
08/07/2019,SDG-STD,1.085525826
09/07/2019,SDG-STD,1.086334524
10/07/2019,SDG-STD,1.085587409
11/07/2019,SDG-STD,1.084897253
12/07/2019,SDG-STD,1.085897947
13/07/2019,SDG-STD,1.088117184
14/07/2019,SDG-STD,1.088040715
15/07/2019,SDG-STD,1.087457328
16/07/2019,SDG-STD,1.08554155
17/07/2019,SDG-STD,1.085366555
18/07/2019,SDG-STD,1.085846473
19/07/2019,SDG-STD,1.089492066
20/07/2019,SDG-STD,1.089521779
21/07/2019,SDG-STD,1.090132885
22/07/2019,SDG-STD,1.090681109
23/07/2019,SDG-STD,1.091300264
24/07/2019,SDG-STD,1.090903618
25/07/2019,SDG-STD,1.086886781
26/07/2019,SDG-STD,1.08488752
27/07/2019,SDG-STD,1.084438127
28/07/2019,SDG-STD,1.0825115
29/07/2019,SDG-STD,1.081081505
30/07/2019,SDG-STD,1.079874398
31/07/2019,SDG-STD,1.08069363
01/08/2019,SDG-STD,1.081403439
02/08/2019,SDG-STD,1.084035187
03/08/2019,SDG-STD,1.085355409
04/08/2019,SDG-STD,1.087639486
05/08/2019,SDG-STD,1.091941937
06/08/2019,SDG-STD,1.094164908
07/08/2019,SDG-STD,1.094111407
08/08/2019,SDG-STD,1.092466489
09/08/2019,SDG-STD,1.092898119
10/08/2019,SDG-STD,1.092465899
11/08/2019,SDG-STD,1.091292215
12/08/2019,SDG-STD,1.092135097
13/08/2019,SDG-STD,1.095088019
14/08/2019,SDG-STD,1.098557589
15/08/2019,SDG-STD,1.100745016
16/08/2019,SDG-STD,1.102178188
17/08/2019,SDG-STD,1.101686537
18/08/2019,SDG-STD,1.100180776
19/08/2019,SDG-STD,1.097814711
20/08/2019,SDG-STD,1.095322162
21/08/2019,SDG-STD,1.093814153
22/08/2019,SDG-STD,1.094040891
23/08/2019,SDG-STD,1.095122964
24/08/2019,SDG-STD,1.09581502
25/08/2019,SDG-STD,1.094754314
26/08/2019,SDG-STD,1.093885984
27/08/2019,SDG-STD,1.093276724
28/08/2019,SDG-STD,1.091484691
29/08/2019,SDG-STD,1.090842525
30/08/2019,SDG-STD,1.090204646
31/08/2019,SDG-STD,1.091545
01/09/2019,SDG-STD,1.094108606
02/09/2019,SDG-STD,1.095973299
03/09/2019,SDG-STD,1.097989294
04/09/2019,SDG-STD,1.100275898
05/09/2019,SDG-STD,1.100214016
06/09/2019,SDG-STD,1.099764048
07/09/2019,SDG-STD,1.097604668
08/09/2019,SDG-STD,1.09543917
09/09/2019,SDG-STD,1.094443611
10/09/2019,SDG-STD,1.092846156
11/09/2019,SDG-STD,1.093697341
12/09/2019,SDG-STD,1.094374134
13/09/2019,SDG-STD,1.092914968
14/09/2019,SDG-STD,1.092966465
15/09/2019,SDG-STD,1.093352482
16/09/2019,SDG-STD,1.095424959
17/09/2019,SDG-STD,1.098385743
18/09/2019,SDG-STD,1.100721494
19/09/2019,SDG-STD,1.102556852
20/09/2019,SDG-STD,1.102128512
21/09/2019,SDG-STD,1.102096199
22/09/2019,SDG-STD,1.100988919
23/09/2019,SDG-STD,1.100652751
24/09/2019,SDG-STD,1.100995828
25/09/2019,SDG-STD,1.101520042
26/09/2019,SDG-STD,1.100068429
27/09/2019,SDG-STD,1.099275569
28/09/2019,SDG-STD,1.100203644
29/09/2019,SDG-STD,1.099007575
30/09/2019,SDG-STD,1.097034682
01/10/2019,SDG-STD,1.095389463
02/10/2019,SDG-STD,1.096314024
03/10/2019,SDG-STD,1.097308115
04/10/2019,SDG-STD,1.09865109
05/10/2019,SDG-STD,1.096363387
06/10/2019,SDG-STD,1.094653461
07/10/2019,SDG-STD,1.093907896
08/10/2019,SDG-STD,1.095242831
09/10/2019,SDG-STD,1.095919401
10/10/2019,SDG-STD,1.096404677
11/10/2019,SDG-STD,1.094974696
12/10/2019,SDG-STD,1.094721535
13/10/2019,SDG-STD,1.092845747
14/10/2019,SDG-STD,1.092355769
15/10/2019,SDG-STD,1.092496387
16/10/2019,SDG-STD,1.094555416
17/10/2019,SDG-STD,1.09588895
18/10/2019,SDG-STD,1.095551171
19/10/2019,SDG-STD,1.095016398
20/10/2019,SDG-STD,1.094153365
21/10/2019,SDG-STD,1.093267572
22/10/2019,SDG-STD,1.093747178
23/10/2019,SDG-STD,1.094952402
24/10/2019,SDG-STD,1.094636754
25/10/2019,SDG-STD,1.093183543
26/10/2019,SDG-STD,1.092062667
27/10/2019,SDG-STD,1.090153129
28/10/2019,SDG-STD,1.089751016
29/10/2019,SDG-STD,1.090674741
30/10/2019,SDG-STD,1.090523288
31/10/2019,SDG-STD,1.09031697
01/11/2019,SDG-STD,1.088801301
02/11/2019,SDG-STD,1.08807633
03/11/2019,SDG-STD,1.087903843
04/11/2019,SDG-STD,1.085946561
05/11/2019,SDG-STD,1.084757738
06/11/2019,SDG-STD,1.083738306
07/11/2019,SDG-STD,1.083893183
08/11/2019,SDG-STD,1.086284363
09/11/2019,SDG-STD,1.087722516
10/11/2019,SDG-STD,1.088002555
11/11/2019,SDG-STD,1.088015955
12/11/2019,SDG-STD,1.088568577
13/11/2019,SDG-STD,1.089956352
14/11/2019,SDG-STD,1.09058906
15/11/2019,SDG-STD,1.090275533
16/11/2019,SDG-STD,1.090560772
17/11/2019,SDG-STD,1.089784564
18/11/2019,SDG-STD,1.08873866
19/11/2019,SDG-STD,1.090994932
20/11/2019,SDG-STD,1.093725685
21/11/2019,SDG-STD,1.096902707
22/11/2019,SDG-STD,1.097873479
23/11/2019,SDG-STD,1.099033849
24/11/2019,SDG-STD,1.098503028
25/11/2019,SDG-STD,1.098258907
26/11/2019,SDG-STD,1.09793212
27/11/2019,SDG-STD,1.098403718
28/11/2019,SDG-STD,1.099521911
29/11/2019,SDG-STD,1.09977761
30/11/2019,SDG-STD,1.099757786
01/12/2019,SDG-STD,1.099600147
02/12/2019,SDG-STD,1.100645233
03/12/2019,SDG-STD,1.102966226
04/12/2019,SDG-STD,1.103933694
05/12/2019,SDG-STD,1.104284249
06/12/2019,SDG-STD,1.104643273
07/12/2019,SDG-STD,1.106112101
08/12/2019,SDG-STD,1.105552012
09/12/2019,SDG-STD,1.104565957
10/12/2019,SDG-STD,1.104616709
11/12/2019,SDG-STD,1.104505264
12/12/2019,SDG-STD,1.10437462
13/12/2019,SDG-STD,1.099964334
14/12/2019,SDG-STD,1.0985056
15/12/2019,SDG-STD,1.097204586
16/12/2019,SDG-STD,1.094395314
17/12/2019,SDG-STD,1.094060758
18/12/2019,SDG-STD,1.096049822
19/12/2019,SDG-STD,1.098178169
20/12/2019,SDG-STD,1.097457144
21/12/2019,SDG-STD,1.097521907
22/12/2019,SDG-STD,1.097342379
23/12/2019,SDG-STD,1.094939371
24/12/2019,SDG-STD,1.094071324
25/12/2019,SDG-STD,1.092466537
26/12/2019,SDG-STD,1.091763918
27/12/2019,SDG-STD,1.092262557
28/12/2019,SDG-STD,1.094161877
29/12/2019,SDG-STD,1.095604502
30/12/2019,SDG-STD,1.096436092
31/12/2019,SDG-STD,1.097874715
01/01/2020,SDG-STD,1.102601093
02/01/2020,SDG-STD,1.102838719
03/01/2020,SDG-STD,1.10657809
04/01/2020,SDG-STD,1.111559723
05/01/2020,SDG-STD,1.11306585
06/01/2020,SDG-STD,1.114641616
07/01/2020,SDG-STD,1.115865329
08/01/2020,SDG-STD,1.120988451
09/01/2020,SDG-STD,1.12243366
10/01/2020,SDG-STD,1.120034426
11/01/2020,SDG-STD,1.120290281
12/01/2020,SDG-STD,1.120242258
13/01/2020,SDG-STD,1.119300723
14/01/2020,SDG-STD,1.117935451
15/01/2020,SDG-STD,1.116796677
16/01/2020,SDG-STD,1.115386543
17/01/2020,SDG-STD,1.114018457
18/01/2020,SDG-STD,1.113515829
19/01/2020,SDG-STD,1.113901263
20/01/2020,SDG-STD,1.113292879
21/01/2020,SDG-STD,1.114324711
22/01/2020,SDG-STD,1.116279701
23/01/2020,SDG-STD,1.118645188
24/01/2020,SDG-STD,1.12095543
25/01/2020,SDG-STD,1.12201057
26/01/2020,SDG-STD,1.122270259
27/01/2020,SDG-STD,1.126205021
28/01/2020,SDG-STD,1.127035569
29/01/2020,SDG-STD,1.129141768
30/01/2020,SDG-STD,1.131986611
31/01/2020,SDG-STD,1.13283516
01/02/2020,SDG-STD,1.134746057
02/02/2020,SDG-STD,1.136028837
03/02/2020,SDG-STD,1.137469857
04/02/2020,SDG-STD,1.138451135
05/02/2020,SDG-STD,1.137117001
06/02/2020,SDG-STD,1.137429938
07/02/2020,SDG-STD,1.138782526
08/02/2020,SDG-STD,1.141277103
09/02/2020,SDG-STD,1.142566853
10/02/2020,SDG-STD,1.144993046
11/02/2020,SDG-STD,1.144853262
12/02/2020,SDG-STD,1.143256339
13/02/2020,SDG-STD,1.14288313
14/02/2020,SDG-STD,1.140042579
15/02/2020,SDG-STD,1.140222053
16/02/2020,SDG-STD,1.138394484
17/02/2020,SDG-STD,1.139507542
18/02/2020,SDG-STD,1.139360322
19/02/2020,SDG-STD,1.139320123
20/02/2020,SDG-STD,1.138020638
21/02/2020,SDG-STD,1.137996208
22/02/2020,SDG-STD,1.136720479
23/02/2020,SDG-STD,1.134688659
24/02/2020,SDG-STD,1.137195673
25/02/2020,SDG-STD,1.138851121
26/02/2020,SDG-STD,1.141527958
27/02/2020,SDG-STD,1.143589538
28/02/2020,SDG-STD,1.149214569
29/02/2020,SDG-STD,1.151290339
01/03/2020,SDG-STD,1.15177512
02/03/2020,SDG-STD,1.151480406
03/03/2020,SDG-STD,1.151976991
04/03/2020,SDG-STD,1.150031973
05/03/2020,SDG-STD,1.151202273
06/03/2020,SDG-STD,1.154111769
07/03/2020,SDG-STD,1.154220669
08/03/2020,SDG-STD,1.15278487
09/03/2020,SDG-STD,1.161402553
10/03/2020,SDG-STD,1.166988646
11/03/2020,SDG-STD,1.169656784
12/03/2020,SDG-STD,1.174395466
13/03/2020,SDG-STD,1.172916242
14/03/2020,SDG-STD,1.17068839
15/03/2020,SDG-STD,1.170003621
16/03/2020,SDG-STD,1.171889944
17/03/2020,SDG-STD,1.171856969
18/03/2020,SDG-STD,1.172297888
19/03/2020,SDG-STD,1.173501121
20/03/2020,SDG-STD,1.175350053
21/03/2020,SDG-STD,1.17464486
22/03/2020,SDG-STD,1.173566855
23/03/2020,SDG-STD,1.17094031
24/03/2020,SDG-STD,1.166700362
25/03/2020,SDG-STD,1.162460782
26/03/2020,SDG-STD,1.162265512
27/03/2020,SDG-STD,1.160359613
28/03/2020,SDG-STD,1.159981269
29/03/2020,SDG-STD,1.16202161
30/03/2020,SDG-STD,1.16308436
31/03/2020,SDG-STD,1.159280495
01/04/2020,SDG-STD,1.159757671
02/04/2020,SDG-STD,1.16498618
03/04/2020,SDG-STD,1.166167077
04/04/2020,SDG-STD,1.166115022
05/04/2020,SDG-STD,1.166669344
06/04/2020,SDG-STD,1.164046981
07/04/2020,SDG-STD,1.161347383
08/04/2020,SDG-STD,1.1593839
09/04/2020,SDG-STD,1.157500688
10/04/2020,SDG-STD,1.156608042
11/04/2020,SDG-STD,1.156468001
12/04/2020,SDG-STD,1.156677254
13/04/2020,SDG-STD,1.158755759
14/04/2020,SDG-STD,1.158246118
15/04/2020,SDG-STD,1.159595821
16/04/2020,SDG-STD,1.161415021
17/04/2020,SDG-STD,1.161676048
18/04/2020,SDG-STD,1.162066577
19/04/2020,SDG-STD,1.162227777
20/04/2020,SDG-STD,1.159968336
21/04/2020,SDG-STD,1.16054457
22/04/2020,SDG-STD,1.159136253
23/04/2020,SDG-STD,1.156090119
24/04/2020,SDG-STD,1.154406705
25/04/2020,SDG-STD,1.15391922
26/04/2020,SDG-STD,1.154015603
27/04/2020,SDG-STD,1.151601888
28/04/2020,SDG-STD,1.150072863
29/04/2020,SDG-STD,1.147538677
30/04/2020,SDG-STD,1.146536614
01/05/2020,SDG-STD,1.145580414
02/05/2020,SDG-STD,1.14559965
03/05/2020,SDG-STD,1.145537306
04/05/2020,SDG-STD,1.145323608
05/05/2020,SDG-STD,1.144268212
06/05/2020,SDG-STD,1.142811581
07/05/2020,SDG-STD,1.142228505
08/05/2020,SDG-STD,1.143200209
09/05/2020,SDG-STD,1.142498634
10/05/2020,SDG-STD,1.1412531
11/05/2020,SDG-STD,1.140482525
12/05/2020,SDG-STD,1.138770477
13/05/2020,SDG-STD,1.138655399
14/05/2020,SDG-STD,1.13926926
15/05/2020,SDG-STD,1.142074826
16/05/2020,SDG-STD,1.143175247
17/05/2020,SDG-STD,1.14241373
18/05/2020,SDG-STD,1.139575692
19/05/2020,SDG-STD,1.13690317
20/05/2020,SDG-STD,1.135779997
21/05/2020,SDG-STD,1.13550596
22/05/2020,SDG-STD,1.136997457
23/05/2020,SDG-STD,1.138373759
24/05/2020,SDG-STD,1.138442441
25/05/2020,SDG-STD,1.138112039
26/05/2020,SDG-STD,1.136470932
27/05/2020,SDG-STD,1.134327543
28/05/2020,SDG-STD,1.135392618
29/05/2020,SDG-STD,1.136735129
30/05/2020,SDG-STD,1.139314928
31/05/2020,SDG-STD,1.142832101
01/06/2020,SDG-STD,1.146083195
02/06/2020,SDG-STD,1.150392787
03/06/2020,SDG-STD,1.149482085
04/06/2020,SDG-STD,1.147886624
05/06/2020,SDG-STD,1.143715822
06/06/2020,SDG-STD,1.14308699
07/06/2020,SDG-STD,1.14209498
08/06/2020,SDG-STD,1.140811747
09/06/2020,SDG-STD,1.138423548
10/06/2020,SDG-STD,1.136533889
11/06/2020,SDG-STD,1.135061094
12/06/2020,SDG-STD,1.13503282
13/06/2020,SDG-STD,1.135693763
14/06/2020,SDG-STD,1.137249712
15/06/2020,SDG-STD,1.137631036
16/06/2020,SDG-STD,1.136575695
17/06/2020,SDG-STD,1.136024999
18/06/2020,SDG-STD,1.135622031
19/06/2020,SDG-STD,1.132310168
20/06/2020,SDG-STD,1.134105056
21/06/2020,SDG-STD,1.135094229
22/06/2020,SDG-STD,1.134252597
23/06/2020,SDG-STD,1.13352882
24/06/2020,SDG-STD,1.134186353
25/06/2020,SDG-STD,1.135721707
26/06/2020,SDG-STD,1.137195937
27/06/2020,SDG-STD,1.139139352
28/06/2020,SDG-STD,1.139937726
29/06/2020,SDG-STD,1.141310551
30/06/2020,SDG-STD,1.139031492
01/07/2019,Sentiment-STD,0.938452052
02/07/2019,Sentiment-STD,0.938544342
03/07/2019,Sentiment-STD,0.942308733
04/07/2019,Sentiment-STD,0.942917167
05/07/2019,Sentiment-STD,0.941144853
06/07/2019,Sentiment-STD,0.939072973
07/07/2019,Sentiment-STD,0.937528207
08/07/2019,Sentiment-STD,0.939644074
09/07/2019,Sentiment-STD,0.942252214
10/07/2019,Sentiment-STD,0.942608071
11/07/2019,Sentiment-STD,0.942174614
12/07/2019,Sentiment-STD,0.939889032
13/07/2019,Sentiment-STD,0.938504275
14/07/2019,Sentiment-STD,0.936823938
15/07/2019,Sentiment-STD,0.93843162
16/07/2019,Sentiment-STD,0.939524351
17/07/2019,Sentiment-STD,0.942072358
18/07/2019,Sentiment-STD,0.949529749
19/07/2019,Sentiment-STD,0.967097681
20/07/2019,Sentiment-STD,0.964544837
21/07/2019,Sentiment-STD,0.960434225
22/07/2019,Sentiment-STD,0.958471602
23/07/2019,Sentiment-STD,0.956220145
24/07/2019,Sentiment-STD,0.955048074
25/07/2019,Sentiment-STD,0.951151191
26/07/2019,Sentiment-STD,0.947924732
27/07/2019,Sentiment-STD,0.945186117
28/07/2019,Sentiment-STD,0.940377276
29/07/2019,Sentiment-STD,0.939338675
30/07/2019,Sentiment-STD,0.938533023
31/07/2019,Sentiment-STD,0.93826581
01/08/2019,Sentiment-STD,0.940554485
02/08/2019,Sentiment-STD,0.945488234
03/08/2019,Sentiment-STD,0.945984587
04/08/2019,Sentiment-STD,0.946996771
05/08/2019,Sentiment-STD,0.952485553
06/08/2019,Sentiment-STD,0.952686481
07/08/2019,Sentiment-STD,0.949694803
08/08/2019,Sentiment-STD,0.950303855
09/08/2019,Sentiment-STD,0.950122235
10/08/2019,Sentiment-STD,0.947258524
11/08/2019,Sentiment-STD,0.943795805
12/08/2019,Sentiment-STD,0.942454178
13/08/2019,Sentiment-STD,0.944596979
14/08/2019,Sentiment-STD,0.95285158
15/08/2019,Sentiment-STD,0.955117175
16/08/2019,Sentiment-STD,0.952666836
17/08/2019,Sentiment-STD,0.950264395
18/08/2019,Sentiment-STD,0.946613741
19/08/2019,Sentiment-STD,0.94516671
20/08/2019,Sentiment-STD,0.941692554
21/08/2019,Sentiment-STD,0.938542347
22/08/2019,Sentiment-STD,0.941510782
23/08/2019,Sentiment-STD,0.942631224
24/08/2019,Sentiment-STD,0.943434635
25/08/2019,Sentiment-STD,0.940460843
26/08/2019,Sentiment-STD,0.939411889
27/08/2019,Sentiment-STD,0.94051979
28/08/2019,Sentiment-STD,0.94012149
29/08/2019,Sentiment-STD,0.941219048
30/08/2019,Sentiment-STD,0.939919777
31/08/2019,Sentiment-STD,0.937679191
01/09/2019,Sentiment-STD,0.938612312
02/09/2019,Sentiment-STD,0.935360965
03/09/2019,Sentiment-STD,0.937756669
04/09/2019,Sentiment-STD,0.944978384
05/09/2019,Sentiment-STD,0.946735515
06/09/2019,Sentiment-STD,0.947524075
07/09/2019,Sentiment-STD,0.942583086
08/09/2019,Sentiment-STD,0.937755085
09/09/2019,Sentiment-STD,0.937786051
10/09/2019,Sentiment-STD,0.937493774
11/09/2019,Sentiment-STD,0.938468879
12/09/2019,Sentiment-STD,0.938692241
13/09/2019,Sentiment-STD,0.93755526
14/09/2019,Sentiment-STD,0.934275811
15/09/2019,Sentiment-STD,0.933615611
16/09/2019,Sentiment-STD,0.937113737
17/09/2019,Sentiment-STD,0.94172336
18/09/2019,Sentiment-STD,0.945781471
19/09/2019,Sentiment-STD,0.949680347
20/09/2019,Sentiment-STD,0.950659346
21/09/2019,Sentiment-STD,0.948165806
22/09/2019,Sentiment-STD,0.946011652
23/09/2019,Sentiment-STD,0.942443291
24/09/2019,Sentiment-STD,0.944732409
25/09/2019,Sentiment-STD,0.9462515
26/09/2019,Sentiment-STD,0.945293881
27/09/2019,Sentiment-STD,0.945828225
28/09/2019,Sentiment-STD,0.944660701
29/09/2019,Sentiment-STD,0.941704043
30/09/2019,Sentiment-STD,0.939220733
01/10/2019,Sentiment-STD,0.941149083
02/10/2019,Sentiment-STD,0.94261361
03/10/2019,Sentiment-STD,0.945469579
04/10/2019,Sentiment-STD,0.946785266
05/10/2019,Sentiment-STD,0.944441457
06/10/2019,Sentiment-STD,0.940243641
07/10/2019,Sentiment-STD,0.938186628
08/10/2019,Sentiment-STD,0.941757713
09/10/2019,Sentiment-STD,0.944484146
10/10/2019,Sentiment-STD,0.946992286
11/10/2019,Sentiment-STD,0.946232674
12/10/2019,Sentiment-STD,0.945855307
13/10/2019,Sentiment-STD,0.942419403
14/10/2019,Sentiment-STD,0.940715233
15/10/2019,Sentiment-STD,0.944874782
16/10/2019,Sentiment-STD,0.947848875
17/10/2019,Sentiment-STD,0.947759279
18/10/2019,Sentiment-STD,0.948626691
19/10/2019,Sentiment-STD,0.946884909
20/10/2019,Sentiment-STD,0.942645766
21/10/2019,Sentiment-STD,0.943991309
22/10/2019,Sentiment-STD,0.947896772
23/10/2019,Sentiment-STD,0.951737321
24/10/2019,Sentiment-STD,0.951525949
25/10/2019,Sentiment-STD,0.951495332
26/10/2019,Sentiment-STD,0.948588586
27/10/2019,Sentiment-STD,0.942600913
28/10/2019,Sentiment-STD,0.942863193
29/10/2019,Sentiment-STD,0.943026974
30/10/2019,Sentiment-STD,0.94242724
31/10/2019,Sentiment-STD,0.944420207
01/11/2019,Sentiment-STD,0.942520948
02/11/2019,Sentiment-STD,0.940709742
03/11/2019,Sentiment-STD,0.936805654
04/11/2019,Sentiment-STD,0.934346109
05/11/2019,Sentiment-STD,0.934789653
06/11/2019,Sentiment-STD,0.936461826
07/11/2019,Sentiment-STD,0.937824669
08/11/2019,Sentiment-STD,0.940241761
09/11/2019,Sentiment-STD,0.93985515
10/11/2019,Sentiment-STD,0.937204462
11/11/2019,Sentiment-STD,0.93581481
12/11/2019,Sentiment-STD,0.936402389
13/11/2019,Sentiment-STD,0.939137806
14/11/2019,Sentiment-STD,0.94120797
15/11/2019,Sentiment-STD,0.939294956
16/11/2019,Sentiment-STD,0.938920692
17/11/2019,Sentiment-STD,0.935158351
18/11/2019,Sentiment-STD,0.932941278
19/11/2019,Sentiment-STD,0.939255518
20/11/2019,Sentiment-STD,0.942673486
21/11/2019,Sentiment-STD,0.950668787
22/11/2019,Sentiment-STD,0.953423058
23/11/2019,Sentiment-STD,0.953865061
24/11/2019,Sentiment-STD,0.953310903
25/11/2019,Sentiment-STD,0.954844057
26/11/2019,Sentiment-STD,0.954318396
27/11/2019,Sentiment-STD,0.953790623
28/11/2019,Sentiment-STD,0.955990675
29/11/2019,Sentiment-STD,0.952903035
30/11/2019,Sentiment-STD,0.950152799
01/12/2019,Sentiment-STD,0.949068397
02/12/2019,Sentiment-STD,0.949564574
03/12/2019,Sentiment-STD,0.956438377
04/12/2019,Sentiment-STD,0.959316688
05/12/2019,Sentiment-STD,0.960474701
06/12/2019,Sentiment-STD,0.962071055
07/12/2019,Sentiment-STD,0.962818825
08/12/2019,Sentiment-STD,0.960734474
09/12/2019,Sentiment-STD,0.954207985
10/12/2019,Sentiment-STD,0.956185329
11/12/2019,Sentiment-STD,0.957019751
12/12/2019,Sentiment-STD,0.960955639
13/12/2019,Sentiment-STD,0.958693073
14/12/2019,Sentiment-STD,0.958306293
15/12/2019,Sentiment-STD,0.954160301
16/12/2019,Sentiment-STD,0.946494542
17/12/2019,Sentiment-STD,0.947027401
18/12/2019,Sentiment-STD,0.950837538
19/12/2019,Sentiment-STD,0.953860045
20/12/2019,Sentiment-STD,0.954117044
21/12/2019,Sentiment-STD,0.954965057
22/12/2019,Sentiment-STD,0.953447715
23/12/2019,Sentiment-STD,0.948079897
24/12/2019,Sentiment-STD,0.948684633
25/12/2019,Sentiment-STD,0.946510028
26/12/2019,Sentiment-STD,0.945559968
27/12/2019,Sentiment-STD,0.942407148
28/12/2019,Sentiment-STD,0.943932729
29/12/2019,Sentiment-STD,0.943808342
30/12/2019,Sentiment-STD,0.942203705
31/12/2019,Sentiment-STD,0.941263563
01/01/2020,Sentiment-STD,0.983382458
02/01/2020,Sentiment-STD,0.982053535
03/01/2020,Sentiment-STD,0.983497302
04/01/2020,Sentiment-STD,0.987540378
05/01/2020,Sentiment-STD,0.989328147
06/01/2020,Sentiment-STD,0.993242147
07/01/2020,Sentiment-STD,0.998341626
08/01/2020,Sentiment-STD,1.003389279
09/01/2020,Sentiment-STD,1.004517195
10/01/2020,Sentiment-STD,0.999573258
11/01/2020,Sentiment-STD,0.997034362
12/01/2020,Sentiment-STD,0.995751104
13/01/2020,Sentiment-STD,0.992923711
14/01/2020,Sentiment-STD,0.992753142
15/01/2020,Sentiment-STD,0.993567473
16/01/2020,Sentiment-STD,0.993216106
17/01/2020,Sentiment-STD,0.990055456
18/01/2020,Sentiment-STD,0.987993032
19/01/2020,Sentiment-STD,0.987398235
20/01/2020,Sentiment-STD,0.980853995
21/01/2020,Sentiment-STD,0.982257039
22/01/2020,Sentiment-STD,0.986266836
23/01/2020,Sentiment-STD,0.99252172
24/01/2020,Sentiment-STD,0.995334097
25/01/2020,Sentiment-STD,0.995789688
26/01/2020,Sentiment-STD,0.993496203
27/01/2020,Sentiment-STD,1.000284044
28/01/2020,Sentiment-STD,0.9994618
29/01/2020,Sentiment-STD,1.001823233
30/01/2020,Sentiment-STD,1.004757382
31/01/2020,Sentiment-STD,1.002572783
01/02/2020,Sentiment-STD,1.000937402
02/02/2020,Sentiment-STD,0.999502694
03/02/2020,Sentiment-STD,1.001157978
04/02/2020,Sentiment-STD,1.002657274
05/02/2020,Sentiment-STD,1.0027404
06/02/2020,Sentiment-STD,1.004490391
07/02/2020,Sentiment-STD,1.003403885
08/02/2020,Sentiment-STD,1.003678899
09/02/2020,Sentiment-STD,1.001672827
10/02/2020,Sentiment-STD,1.001238572
11/02/2020,Sentiment-STD,1.002720143
12/02/2020,Sentiment-STD,1.001540243
13/02/2020,Sentiment-STD,1.00078926
14/02/2020,Sentiment-STD,0.999836488
15/02/2020,Sentiment-STD,1.002222734
16/02/2020,Sentiment-STD,0.998401497
17/02/2020,Sentiment-STD,1.000015708
18/02/2020,Sentiment-STD,1.000296507
19/02/2020,Sentiment-STD,1.003103776
20/02/2020,Sentiment-STD,1.002865171
21/02/2020,Sentiment-STD,1.000497529
22/02/2020,Sentiment-STD,0.999558204
23/02/2020,Sentiment-STD,0.99839627
24/02/2020,Sentiment-STD,1.000878705
25/02/2020,Sentiment-STD,1.002380282
26/02/2020,Sentiment-STD,1.006622242
27/02/2020,Sentiment-STD,1.008608468
28/02/2020,Sentiment-STD,1.012397229
29/02/2020,Sentiment-STD,1.014115004
01/03/2020,Sentiment-STD,1.014935308
02/03/2020,Sentiment-STD,1.011897494
03/03/2020,Sentiment-STD,1.012711356
04/03/2020,Sentiment-STD,1.009640073
05/03/2020,Sentiment-STD,1.013090363
06/03/2020,Sentiment-STD,1.016467791
07/03/2020,Sentiment-STD,1.01596133
08/03/2020,Sentiment-STD,1.016262042
09/03/2020,Sentiment-STD,1.022834865
10/03/2020,Sentiment-STD,1.029662307
11/03/2020,Sentiment-STD,1.030509787
12/03/2020,Sentiment-STD,1.039281023
13/03/2020,Sentiment-STD,1.037812584
14/03/2020,Sentiment-STD,1.035057731
15/03/2020,Sentiment-STD,1.032835039
16/03/2020,Sentiment-STD,1.029007651
17/03/2020,Sentiment-STD,1.025227871
18/03/2020,Sentiment-STD,1.022957379
19/03/2020,Sentiment-STD,1.020835745
20/03/2020,Sentiment-STD,1.019632203
21/03/2020,Sentiment-STD,1.018590655
22/03/2020,Sentiment-STD,1.015989596
23/03/2020,Sentiment-STD,1.011262574
24/03/2020,Sentiment-STD,1.006499061
25/03/2020,Sentiment-STD,1.002023724
26/03/2020,Sentiment-STD,1.001780118
27/03/2020,Sentiment-STD,0.999170207
28/03/2020,Sentiment-STD,0.999035952
29/03/2020,Sentiment-STD,1.000402185
30/03/2020,Sentiment-STD,1.002176369
31/03/2020,Sentiment-STD,0.995749782
01/04/2020,Sentiment-STD,0.997119644
02/04/2020,Sentiment-STD,1.002534685
03/04/2020,Sentiment-STD,1.00281777
04/04/2020,Sentiment-STD,1.001197062
05/04/2020,Sentiment-STD,1.001151882
06/04/2020,Sentiment-STD,0.997556069
07/04/2020,Sentiment-STD,0.995679113
08/04/2020,Sentiment-STD,0.994761474
09/04/2020,Sentiment-STD,0.99671338
10/04/2020,Sentiment-STD,0.996302168
11/04/2020,Sentiment-STD,0.99716799
12/04/2020,Sentiment-STD,0.996561369
13/04/2020,Sentiment-STD,0.997466408
14/04/2020,Sentiment-STD,0.997395946
15/04/2020,Sentiment-STD,1.000269878
16/04/2020,Sentiment-STD,0.998663273
17/04/2020,Sentiment-STD,0.997547521
18/04/2020,Sentiment-STD,0.996216526
19/04/2020,Sentiment-STD,0.996998252
20/04/2020,Sentiment-STD,0.997046827
21/04/2020,Sentiment-STD,0.998962908
22/04/2020,Sentiment-STD,0.99789076
23/04/2020,Sentiment-STD,0.997989493
24/04/2020,Sentiment-STD,0.994697236
25/04/2020,Sentiment-STD,0.990859396
26/04/2020,Sentiment-STD,0.991756206
27/04/2020,Sentiment-STD,0.987394113
28/04/2020,Sentiment-STD,0.983657437
29/04/2020,Sentiment-STD,0.982424596
30/04/2020,Sentiment-STD,0.982638248
01/05/2020,Sentiment-STD,0.979199363
02/05/2020,Sentiment-STD,0.97724583
03/05/2020,Sentiment-STD,0.976465068
04/05/2020,Sentiment-STD,0.979272328
05/05/2020,Sentiment-STD,0.978608088
06/05/2020,Sentiment-STD,0.975713587
07/05/2020,Sentiment-STD,0.974866514
08/05/2020,Sentiment-STD,0.977236623
09/05/2020,Sentiment-STD,0.976935923
10/05/2020,Sentiment-STD,0.974256991
11/05/2020,Sentiment-STD,0.971652774
12/05/2020,Sentiment-STD,0.971995328
13/05/2020,Sentiment-STD,0.972254863
14/05/2020,Sentiment-STD,0.974404449
15/05/2020,Sentiment-STD,0.975033359
16/05/2020,Sentiment-STD,0.974875337
17/05/2020,Sentiment-STD,0.973307873
18/05/2020,Sentiment-STD,0.971329033
19/05/2020,Sentiment-STD,0.970917992
20/05/2020,Sentiment-STD,0.974104213
21/05/2020,Sentiment-STD,0.97651961
22/05/2020,Sentiment-STD,0.978072495
23/05/2020,Sentiment-STD,0.978781999
24/05/2020,Sentiment-STD,0.979688764
25/05/2020,Sentiment-STD,0.978386634
26/05/2020,Sentiment-STD,0.977435498
27/05/2020,Sentiment-STD,0.974285621
28/05/2020,Sentiment-STD,0.974288686
29/05/2020,Sentiment-STD,0.975287626
30/05/2020,Sentiment-STD,0.977582858
31/05/2020,Sentiment-STD,0.981726907
01/06/2020,Sentiment-STD,0.985228467
02/06/2020,Sentiment-STD,0.990298033
03/06/2020,Sentiment-STD,0.988582992
04/06/2020,Sentiment-STD,0.987295982
05/06/2020,Sentiment-STD,0.980948153
06/06/2020,Sentiment-STD,0.979597598
07/06/2020,Sentiment-STD,0.979395583
08/06/2020,Sentiment-STD,0.977625606
09/06/2020,Sentiment-STD,0.977512045
10/06/2020,Sentiment-STD,0.980019876
11/06/2020,Sentiment-STD,0.985098124
12/06/2020,Sentiment-STD,0.983844521
13/06/2020,Sentiment-STD,0.982052437
14/06/2020,Sentiment-STD,0.981842061
15/06/2020,Sentiment-STD,0.982232942
16/06/2020,Sentiment-STD,0.983323121
17/06/2020,Sentiment-STD,0.986045629
18/06/2020,Sentiment-STD,0.988755011
19/06/2020,Sentiment-STD,0.986392612
20/06/2020,Sentiment-STD,0.987541104
21/06/2020,Sentiment-STD,0.987684785
22/06/2020,Sentiment-STD,0.984732622
23/06/2020,Sentiment-STD,0.983135896
24/06/2020,Sentiment-STD,0.986196259
25/06/2020,Sentiment-STD,0.991342419
26/06/2020,Sentiment-STD,0.988740398
27/06/2020,Sentiment-STD,0.989760964
28/06/2020,Sentiment-STD,0.989569027
29/06/2020,Sentiment-STD,0.988229982
30/06/2020,Sentiment-STD,0.986491993
